split,class,filename,filepath
train,BasketballDunk,v_BasketballDunk_g11_c04.avi,./UCF101_subset/train/BasketballDunk/v_BasketballDunk_g11_c04.avi
train,BasketballDunk,v_BasketballDunk_g13_c02.avi,./UCF101_subset/train/BasketballDunk/v_BasketballDunk_g13_c02.avi
train,BasketballDunk,v_BasketballDunk_g04_c01.avi,./UCF101_subset/train/BasketballDunk/v_BasketballDunk_g04_c01.avi
train,BasketballDunk,v_BasketballDunk_g15_c05.avi,./UCF101_subset/train/BasketballDunk/v_BasketballDunk_g15_c05.avi
train,BasketballDunk,v_BasketballDunk_g01_c04.avi,./UCF101_subset/train/BasketballDunk/v_BasketballDunk_g01_c04.avi
train,BasketballDunk,v_BasketballDunk_g24_c04.avi,./UCF101_subset/train/BasketballDunk/v_BasketballDunk_g24_c04.avi
train,BasketballDunk,v_BasketballDunk_g10_c01.avi,./UCF101_subset/train/BasketballDunk/v_BasketballDunk_g10_c01.avi
train,BasketballDunk,v_BasketballDunk_g23_c05.avi,./UCF101_subset/train/BasketballDunk/v_BasketballDunk_g23_c05.avi
train,BasketballDunk,v_BasketballDunk_g07_c03.avi,./UCF101_subset/train/BasketballDunk/v_BasketballDunk_g07_c03.avi
train,BasketballDunk,v_BasketballDunk_g20_c05.avi,./UCF101_subset/train/BasketballDunk/v_BasketballDunk_g20_c05.avi
train,BasketballDunk,v_BasketballDunk_g01_c02.avi,./UCF101_subset/train/BasketballDunk/v_BasketballDunk_g01_c02.avi
train,BasketballDunk,v_BasketballDunk_g07_c05.avi,./UCF101_subset/train/BasketballDunk/v_BasketballDunk_g07_c05.avi
train,BasketballDunk,v_BasketballDunk_g15_c03.avi,./UCF101_subset/train/BasketballDunk/v_BasketballDunk_g15_c03.avi
train,BasketballDunk,v_BasketballDunk_g21_c03.avi,./UCF101_subset/train/BasketballDunk/v_BasketballDunk_g21_c03.avi
train,BasketballDunk,v_BasketballDunk_g16_c06.avi,./UCF101_subset/train/BasketballDunk/v_BasketballDunk_g16_c06.avi
train,BasketballDunk,v_BasketballDunk_g16_c02.avi,./UCF101_subset/train/BasketballDunk/v_BasketballDunk_g16_c02.avi
train,BasketballDunk,v_BasketballDunk_g06_c01.avi,./UCF101_subset/train/BasketballDunk/v_BasketballDunk_g06_c01.avi
train,BasketballDunk,v_BasketballDunk_g18_c05.avi,./UCF101_subset/train/BasketballDunk/v_BasketballDunk_g18_c05.avi
train,BasketballDunk,v_BasketballDunk_g15_c01.avi,./UCF101_subset/train/BasketballDunk/v_BasketballDunk_g15_c01.avi
train,BasketballDunk,v_BasketballDunk_g09_c02.avi,./UCF101_subset/train/BasketballDunk/v_BasketballDunk_g09_c02.avi
train,BasketballDunk,v_BasketballDunk_g25_c01.avi,./UCF101_subset/train/BasketballDunk/v_BasketballDunk_g25_c01.avi
train,BasketballDunk,v_BasketballDunk_g23_c01.avi,./UCF101_subset/train/BasketballDunk/v_BasketballDunk_g23_c01.avi
train,BasketballDunk,v_BasketballDunk_g02_c03.avi,./UCF101_subset/train/BasketballDunk/v_BasketballDunk_g02_c03.avi
train,BasketballDunk,v_BasketballDunk_g16_c04.avi,./UCF101_subset/train/BasketballDunk/v_BasketballDunk_g16_c04.avi
train,BasketballDunk,v_BasketballDunk_g08_c05.avi,./UCF101_subset/train/BasketballDunk/v_BasketballDunk_g08_c05.avi
train,BasketballDunk,v_BasketballDunk_g22_c03.avi,./UCF101_subset/train/BasketballDunk/v_BasketballDunk_g22_c03.avi
train,BasketballDunk,v_BasketballDunk_g17_c02.avi,./UCF101_subset/train/BasketballDunk/v_BasketballDunk_g17_c02.avi
train,BasketballDunk,v_BasketballDunk_g21_c01.avi,./UCF101_subset/train/BasketballDunk/v_BasketballDunk_g21_c01.avi
train,BasketballDunk,v_BasketballDunk_g03_c03.avi,./UCF101_subset/train/BasketballDunk/v_BasketballDunk_g03_c03.avi
train,BasketballDunk,v_BasketballDunk_g19_c03.avi,./UCF101_subset/train/BasketballDunk/v_BasketballDunk_g19_c03.avi
train,BandMarching,v_BandMarching_g02_c06.avi,./UCF101_subset/train/BandMarching/v_BandMarching_g02_c06.avi
train,BandMarching,v_BandMarching_g15_c05.avi,./UCF101_subset/train/BandMarching/v_BandMarching_g15_c05.avi
train,BandMarching,v_BandMarching_g13_c04.avi,./UCF101_subset/train/BandMarching/v_BandMarching_g13_c04.avi
train,BandMarching,v_BandMarching_g03_c05.avi,./UCF101_subset/train/BandMarching/v_BandMarching_g03_c05.avi
train,BandMarching,v_BandMarching_g25_c07.avi,./UCF101_subset/train/BandMarching/v_BandMarching_g25_c07.avi
train,BandMarching,v_BandMarching_g07_c05.avi,./UCF101_subset/train/BandMarching/v_BandMarching_g07_c05.avi
train,BandMarching,v_BandMarching_g06_c01.avi,./UCF101_subset/train/BandMarching/v_BandMarching_g06_c01.avi
train,BandMarching,v_BandMarching_g02_c02.avi,./UCF101_subset/train/BandMarching/v_BandMarching_g02_c02.avi
train,BandMarching,v_BandMarching_g10_c06.avi,./UCF101_subset/train/BandMarching/v_BandMarching_g10_c06.avi
train,BandMarching,v_BandMarching_g21_c06.avi,./UCF101_subset/train/BandMarching/v_BandMarching_g21_c06.avi
train,BandMarching,v_BandMarching_g04_c04.avi,./UCF101_subset/train/BandMarching/v_BandMarching_g04_c04.avi
train,BandMarching,v_BandMarching_g12_c02.avi,./UCF101_subset/train/BandMarching/v_BandMarching_g12_c02.avi
train,BandMarching,v_BandMarching_g09_c07.avi,./UCF101_subset/train/BandMarching/v_BandMarching_g09_c07.avi
train,BandMarching,v_BandMarching_g16_c06.avi,./UCF101_subset/train/BandMarching/v_BandMarching_g16_c06.avi
train,BandMarching,v_BandMarching_g19_c03.avi,./UCF101_subset/train/BandMarching/v_BandMarching_g19_c03.avi
train,BandMarching,v_BandMarching_g04_c02.avi,./UCF101_subset/train/BandMarching/v_BandMarching_g04_c02.avi
train,BandMarching,v_BandMarching_g18_c03.avi,./UCF101_subset/train/BandMarching/v_BandMarching_g18_c03.avi
train,BandMarching,v_BandMarching_g10_c02.avi,./UCF101_subset/train/BandMarching/v_BandMarching_g10_c02.avi
train,BandMarching,v_BandMarching_g09_c03.avi,./UCF101_subset/train/BandMarching/v_BandMarching_g09_c03.avi
train,BandMarching,v_BandMarching_g08_c02.avi,./UCF101_subset/train/BandMarching/v_BandMarching_g08_c02.avi
train,BandMarching,v_BandMarching_g25_c05.avi,./UCF101_subset/train/BandMarching/v_BandMarching_g25_c05.avi
train,BandMarching,v_BandMarching_g03_c01.avi,./UCF101_subset/train/BandMarching/v_BandMarching_g03_c01.avi
train,BandMarching,v_BandMarching_g14_c05.avi,./UCF101_subset/train/BandMarching/v_BandMarching_g14_c05.avi
train,BandMarching,v_BandMarching_g19_c05.avi,./UCF101_subset/train/BandMarching/v_BandMarching_g19_c05.avi
train,BandMarching,v_BandMarching_g07_c07.avi,./UCF101_subset/train/BandMarching/v_BandMarching_g07_c07.avi
train,BandMarching,v_BandMarching_g24_c01.avi,./UCF101_subset/train/BandMarching/v_BandMarching_g24_c01.avi
train,BandMarching,v_BandMarching_g07_c03.avi,./UCF101_subset/train/BandMarching/v_BandMarching_g07_c03.avi
train,BandMarching,v_BandMarching_g21_c02.avi,./UCF101_subset/train/BandMarching/v_BandMarching_g21_c02.avi
train,BandMarching,v_BandMarching_g03_c03.avi,./UCF101_subset/train/BandMarching/v_BandMarching_g03_c03.avi
train,BandMarching,v_BandMarching_g01_c01.avi,./UCF101_subset/train/BandMarching/v_BandMarching_g01_c01.avi
train,BenchPress,v_BenchPress_g13_c01.avi,./UCF101_subset/train/BenchPress/v_BenchPress_g13_c01.avi
train,BenchPress,v_BenchPress_g22_c03.avi,./UCF101_subset/train/BenchPress/v_BenchPress_g22_c03.avi
train,BenchPress,v_BenchPress_g04_c01.avi,./UCF101_subset/train/BenchPress/v_BenchPress_g04_c01.avi
train,BenchPress,v_BenchPress_g03_c04.avi,./UCF101_subset/train/BenchPress/v_BenchPress_g03_c04.avi
train,BenchPress,v_BenchPress_g07_c02.avi,./UCF101_subset/train/BenchPress/v_BenchPress_g07_c02.avi
train,BenchPress,v_BenchPress_g02_c01.avi,./UCF101_subset/train/BenchPress/v_BenchPress_g02_c01.avi
train,BenchPress,v_BenchPress_g14_c02.avi,./UCF101_subset/train/BenchPress/v_BenchPress_g14_c02.avi
train,BenchPress,v_BenchPress_g16_c05.avi,./UCF101_subset/train/BenchPress/v_BenchPress_g16_c05.avi
train,BenchPress,v_BenchPress_g24_c05.avi,./UCF101_subset/train/BenchPress/v_BenchPress_g24_c05.avi
train,BenchPress,v_BenchPress_g08_c05.avi,./UCF101_subset/train/BenchPress/v_BenchPress_g08_c05.avi
train,BenchPress,v_BenchPress_g01_c05.avi,./UCF101_subset/train/BenchPress/v_BenchPress_g01_c05.avi
train,BenchPress,v_BenchPress_g18_c03.avi,./UCF101_subset/train/BenchPress/v_BenchPress_g18_c03.avi
train,BenchPress,v_BenchPress_g23_c02.avi,./UCF101_subset/train/BenchPress/v_BenchPress_g23_c02.avi
train,BenchPress,v_BenchPress_g15_c05.avi,./UCF101_subset/train/BenchPress/v_BenchPress_g15_c05.avi
train,BenchPress,v_BenchPress_g20_c04.avi,./UCF101_subset/train/BenchPress/v_BenchPress_g20_c04.avi
train,BenchPress,v_BenchPress_g03_c02.avi,./UCF101_subset/train/BenchPress/v_BenchPress_g03_c02.avi
train,BenchPress,v_BenchPress_g07_c04.avi,./UCF101_subset/train/BenchPress/v_BenchPress_g07_c04.avi
train,BenchPress,v_BenchPress_g02_c03.avi,./UCF101_subset/train/BenchPress/v_BenchPress_g02_c03.avi
train,BenchPress,v_BenchPress_g13_c05.avi,./UCF101_subset/train/BenchPress/v_BenchPress_g13_c05.avi
train,BenchPress,v_BenchPress_g19_c06.avi,./UCF101_subset/train/BenchPress/v_BenchPress_g19_c06.avi
train,BenchPress,v_BenchPress_g10_c03.avi,./UCF101_subset/train/BenchPress/v_BenchPress_g10_c03.avi
train,BenchPress,v_BenchPress_g06_c05.avi,./UCF101_subset/train/BenchPress/v_BenchPress_g06_c05.avi
train,BenchPress,v_BenchPress_g21_c03.avi,./UCF101_subset/train/BenchPress/v_BenchPress_g21_c03.avi
train,BenchPress,v_BenchPress_g06_c01.avi,./UCF101_subset/train/BenchPress/v_BenchPress_g06_c01.avi
train,BenchPress,v_BenchPress_g21_c01.avi,./UCF101_subset/train/BenchPress/v_BenchPress_g21_c01.avi
train,BenchPress,v_BenchPress_g03_c06.avi,./UCF101_subset/train/BenchPress/v_BenchPress_g03_c06.avi
train,BenchPress,v_BenchPress_g04_c05.avi,./UCF101_subset/train/BenchPress/v_BenchPress_g04_c05.avi
train,BenchPress,v_BenchPress_g12_c06.avi,./UCF101_subset/train/BenchPress/v_BenchPress_g12_c06.avi
train,BenchPress,v_BenchPress_g22_c01.avi,./UCF101_subset/train/BenchPress/v_BenchPress_g22_c01.avi
train,BenchPress,v_BenchPress_g13_c07.avi,./UCF101_subset/train/BenchPress/v_BenchPress_g13_c07.avi
train,ApplyLipstick,v_ApplyLipstick_g04_c01.avi,./UCF101_subset/train/ApplyLipstick/v_ApplyLipstick_g04_c01.avi
train,ApplyLipstick,v_ApplyLipstick_g05_c02.avi,./UCF101_subset/train/ApplyLipstick/v_ApplyLipstick_g05_c02.avi
train,ApplyLipstick,v_ApplyLipstick_g18_c02.avi,./UCF101_subset/train/ApplyLipstick/v_ApplyLipstick_g18_c02.avi
train,ApplyLipstick,v_ApplyLipstick_g18_c04.avi,./UCF101_subset/train/ApplyLipstick/v_ApplyLipstick_g18_c04.avi
train,ApplyLipstick,v_ApplyLipstick_g15_c03.avi,./UCF101_subset/train/ApplyLipstick/v_ApplyLipstick_g15_c03.avi
train,ApplyLipstick,v_ApplyLipstick_g19_c02.avi,./UCF101_subset/train/ApplyLipstick/v_ApplyLipstick_g19_c02.avi
train,ApplyLipstick,v_ApplyLipstick_g02_c01.avi,./UCF101_subset/train/ApplyLipstick/v_ApplyLipstick_g02_c01.avi
train,ApplyLipstick,v_ApplyLipstick_g04_c05.avi,./UCF101_subset/train/ApplyLipstick/v_ApplyLipstick_g04_c05.avi
train,ApplyLipstick,v_ApplyLipstick_g06_c03.avi,./UCF101_subset/train/ApplyLipstick/v_ApplyLipstick_g06_c03.avi
train,ApplyLipstick,v_ApplyLipstick_g13_c03.avi,./UCF101_subset/train/ApplyLipstick/v_ApplyLipstick_g13_c03.avi
train,ApplyLipstick,v_ApplyLipstick_g21_c03.avi,./UCF101_subset/train/ApplyLipstick/v_ApplyLipstick_g21_c03.avi
train,ApplyLipstick,v_ApplyLipstick_g23_c03.avi,./UCF101_subset/train/ApplyLipstick/v_ApplyLipstick_g23_c03.avi
train,ApplyLipstick,v_ApplyLipstick_g08_c02.avi,./UCF101_subset/train/ApplyLipstick/v_ApplyLipstick_g08_c02.avi
train,ApplyLipstick,v_ApplyLipstick_g01_c02.avi,./UCF101_subset/train/ApplyLipstick/v_ApplyLipstick_g01_c02.avi
train,ApplyLipstick,v_ApplyLipstick_g19_c04.avi,./UCF101_subset/train/ApplyLipstick/v_ApplyLipstick_g19_c04.avi
train,ApplyLipstick,v_ApplyLipstick_g24_c05.avi,./UCF101_subset/train/ApplyLipstick/v_ApplyLipstick_g24_c05.avi
train,ApplyLipstick,v_ApplyLipstick_g17_c03.avi,./UCF101_subset/train/ApplyLipstick/v_ApplyLipstick_g17_c03.avi
train,ApplyLipstick,v_ApplyLipstick_g22_c02.avi,./UCF101_subset/train/ApplyLipstick/v_ApplyLipstick_g22_c02.avi
train,ApplyLipstick,v_ApplyLipstick_g22_c06.avi,./UCF101_subset/train/ApplyLipstick/v_ApplyLipstick_g22_c06.avi
train,ApplyLipstick,v_ApplyLipstick_g21_c01.avi,./UCF101_subset/train/ApplyLipstick/v_ApplyLipstick_g21_c01.avi
train,ApplyLipstick,v_ApplyLipstick_g03_c01.avi,./UCF101_subset/train/ApplyLipstick/v_ApplyLipstick_g03_c01.avi
train,ApplyLipstick,v_ApplyLipstick_g02_c03.avi,./UCF101_subset/train/ApplyLipstick/v_ApplyLipstick_g02_c03.avi
train,ApplyLipstick,v_ApplyLipstick_g22_c04.avi,./UCF101_subset/train/ApplyLipstick/v_ApplyLipstick_g22_c04.avi
train,ApplyLipstick,v_ApplyLipstick_g03_c03.avi,./UCF101_subset/train/ApplyLipstick/v_ApplyLipstick_g03_c03.avi
train,ApplyLipstick,v_ApplyLipstick_g11_c04.avi,./UCF101_subset/train/ApplyLipstick/v_ApplyLipstick_g11_c04.avi
train,ApplyLipstick,v_ApplyLipstick_g01_c04.avi,./UCF101_subset/train/ApplyLipstick/v_ApplyLipstick_g01_c04.avi
train,ApplyLipstick,v_ApplyLipstick_g07_c02.avi,./UCF101_subset/train/ApplyLipstick/v_ApplyLipstick_g07_c02.avi
train,ApplyLipstick,v_ApplyLipstick_g09_c04.avi,./UCF101_subset/train/ApplyLipstick/v_ApplyLipstick_g09_c04.avi
train,ApplyLipstick,v_ApplyLipstick_g17_c01.avi,./UCF101_subset/train/ApplyLipstick/v_ApplyLipstick_g17_c01.avi
train,ApplyLipstick,v_ApplyLipstick_g12_c04.avi,./UCF101_subset/train/ApplyLipstick/v_ApplyLipstick_g12_c04.avi
train,Basketball,v_Basketball_g04_c04.avi,./UCF101_subset/train/Basketball/v_Basketball_g04_c04.avi
train,Basketball,v_Basketball_g17_c04.avi,./UCF101_subset/train/Basketball/v_Basketball_g17_c04.avi
train,Basketball,v_Basketball_g14_c04.avi,./UCF101_subset/train/Basketball/v_Basketball_g14_c04.avi
train,Basketball,v_Basketball_g14_c02.avi,./UCF101_subset/train/Basketball/v_Basketball_g14_c02.avi
train,Basketball,v_Basketball_g15_c01.avi,./UCF101_subset/train/Basketball/v_Basketball_g15_c01.avi
train,Basketball,v_Basketball_g08_c04.avi,./UCF101_subset/train/Basketball/v_Basketball_g08_c04.avi
train,Basketball,v_Basketball_g01_c07.avi,./UCF101_subset/train/Basketball/v_Basketball_g01_c07.avi
train,Basketball,v_Basketball_g01_c03.avi,./UCF101_subset/train/Basketball/v_Basketball_g01_c03.avi
train,Basketball,v_Basketball_g19_c05.avi,./UCF101_subset/train/Basketball/v_Basketball_g19_c05.avi
train,Basketball,v_Basketball_g23_c06.avi,./UCF101_subset/train/Basketball/v_Basketball_g23_c06.avi
train,Basketball,v_Basketball_g04_c02.avi,./UCF101_subset/train/Basketball/v_Basketball_g04_c02.avi
train,Basketball,v_Basketball_g25_c02.avi,./UCF101_subset/train/Basketball/v_Basketball_g25_c02.avi
train,Basketball,v_Basketball_g09_c04.avi,./UCF101_subset/train/Basketball/v_Basketball_g09_c04.avi
train,Basketball,v_Basketball_g15_c07.avi,./UCF101_subset/train/Basketball/v_Basketball_g15_c07.avi
train,Basketball,v_Basketball_g13_c04.avi,./UCF101_subset/train/Basketball/v_Basketball_g13_c04.avi
train,Basketball,v_Basketball_g16_c06.avi,./UCF101_subset/train/Basketball/v_Basketball_g16_c06.avi
train,Basketball,v_Basketball_g21_c03.avi,./UCF101_subset/train/Basketball/v_Basketball_g21_c03.avi
train,Basketball,v_Basketball_g03_c04.avi,./UCF101_subset/train/Basketball/v_Basketball_g03_c04.avi
train,Basketball,v_Basketball_g23_c04.avi,./UCF101_subset/train/Basketball/v_Basketball_g23_c04.avi
train,Basketball,v_Basketball_g11_c02.avi,./UCF101_subset/train/Basketball/v_Basketball_g11_c02.avi
train,Basketball,v_Basketball_g16_c02.avi,./UCF101_subset/train/Basketball/v_Basketball_g16_c02.avi
train,Basketball,v_Basketball_g22_c05.avi,./UCF101_subset/train/Basketball/v_Basketball_g22_c05.avi
train,Basketball,v_Basketball_g13_c02.avi,./UCF101_subset/train/Basketball/v_Basketball_g13_c02.avi
train,Basketball,v_Basketball_g12_c01.avi,./UCF101_subset/train/Basketball/v_Basketball_g12_c01.avi
train,Basketball,v_Basketball_g19_c07.avi,./UCF101_subset/train/Basketball/v_Basketball_g19_c07.avi
train,Basketball,v_Basketball_g09_c02.avi,./UCF101_subset/train/Basketball/v_Basketball_g09_c02.avi
train,Basketball,v_Basketball_g07_c02.avi,./UCF101_subset/train/Basketball/v_Basketball_g07_c02.avi
train,Basketball,v_Basketball_g01_c05.avi,./UCF101_subset/train/Basketball/v_Basketball_g01_c05.avi
train,Basketball,v_Basketball_g01_c01.avi,./UCF101_subset/train/Basketball/v_Basketball_g01_c01.avi
train,Basketball,v_Basketball_g03_c06.avi,./UCF101_subset/train/Basketball/v_Basketball_g03_c06.avi
train,BalanceBeam,v_BalanceBeam_g02_c03.avi,./UCF101_subset/train/BalanceBeam/v_BalanceBeam_g02_c03.avi
train,BalanceBeam,v_BalanceBeam_g05_c03.avi,./UCF101_subset/train/BalanceBeam/v_BalanceBeam_g05_c03.avi
train,BalanceBeam,v_BalanceBeam_g06_c03.avi,./UCF101_subset/train/BalanceBeam/v_BalanceBeam_g06_c03.avi
train,BalanceBeam,v_BalanceBeam_g15_c03.avi,./UCF101_subset/train/BalanceBeam/v_BalanceBeam_g15_c03.avi
train,BalanceBeam,v_BalanceBeam_g24_c03.avi,./UCF101_subset/train/BalanceBeam/v_BalanceBeam_g24_c03.avi
train,BalanceBeam,v_BalanceBeam_g14_c01.avi,./UCF101_subset/train/BalanceBeam/v_BalanceBeam_g14_c01.avi
train,BalanceBeam,v_BalanceBeam_g08_c02.avi,./UCF101_subset/train/BalanceBeam/v_BalanceBeam_g08_c02.avi
train,BalanceBeam,v_BalanceBeam_g07_c02.avi,./UCF101_subset/train/BalanceBeam/v_BalanceBeam_g07_c02.avi
train,BalanceBeam,v_BalanceBeam_g09_c02.avi,./UCF101_subset/train/BalanceBeam/v_BalanceBeam_g09_c02.avi
train,BalanceBeam,v_BalanceBeam_g10_c02.avi,./UCF101_subset/train/BalanceBeam/v_BalanceBeam_g10_c02.avi
train,BalanceBeam,v_BalanceBeam_g12_c04.avi,./UCF101_subset/train/BalanceBeam/v_BalanceBeam_g12_c04.avi
train,BalanceBeam,v_BalanceBeam_g19_c01.avi,./UCF101_subset/train/BalanceBeam/v_BalanceBeam_g19_c01.avi
train,BalanceBeam,v_BalanceBeam_g19_c03.avi,./UCF101_subset/train/BalanceBeam/v_BalanceBeam_g19_c03.avi
train,BalanceBeam,v_BalanceBeam_g10_c04.avi,./UCF101_subset/train/BalanceBeam/v_BalanceBeam_g10_c04.avi
train,BalanceBeam,v_BalanceBeam_g17_c01.avi,./UCF101_subset/train/BalanceBeam/v_BalanceBeam_g17_c01.avi
train,BalanceBeam,v_BalanceBeam_g18_c03.avi,./UCF101_subset/train/BalanceBeam/v_BalanceBeam_g18_c03.avi
train,BalanceBeam,v_BalanceBeam_g21_c03.avi,./UCF101_subset/train/BalanceBeam/v_BalanceBeam_g21_c03.avi
train,BalanceBeam,v_BalanceBeam_g14_c03.avi,./UCF101_subset/train/BalanceBeam/v_BalanceBeam_g14_c03.avi
train,BalanceBeam,v_BalanceBeam_g05_c01.avi,./UCF101_subset/train/BalanceBeam/v_BalanceBeam_g05_c01.avi
train,BalanceBeam,v_BalanceBeam_g03_c03.avi,./UCF101_subset/train/BalanceBeam/v_BalanceBeam_g03_c03.avi
train,BalanceBeam,v_BalanceBeam_g01_c03.avi,./UCF101_subset/train/BalanceBeam/v_BalanceBeam_g01_c03.avi
train,BalanceBeam,v_BalanceBeam_g04_c01.avi,./UCF101_subset/train/BalanceBeam/v_BalanceBeam_g04_c01.avi
train,BalanceBeam,v_BalanceBeam_g25_c01.avi,./UCF101_subset/train/BalanceBeam/v_BalanceBeam_g25_c01.avi
train,BalanceBeam,v_BalanceBeam_g06_c05.avi,./UCF101_subset/train/BalanceBeam/v_BalanceBeam_g06_c05.avi
train,BalanceBeam,v_BalanceBeam_g03_c01.avi,./UCF101_subset/train/BalanceBeam/v_BalanceBeam_g03_c01.avi
train,BalanceBeam,v_BalanceBeam_g08_c04.avi,./UCF101_subset/train/BalanceBeam/v_BalanceBeam_g08_c04.avi
train,BalanceBeam,v_BalanceBeam_g21_c05.avi,./UCF101_subset/train/BalanceBeam/v_BalanceBeam_g21_c05.avi
train,BalanceBeam,v_BalanceBeam_g04_c03.avi,./UCF101_subset/train/BalanceBeam/v_BalanceBeam_g04_c03.avi
train,BalanceBeam,v_BalanceBeam_g23_c04.avi,./UCF101_subset/train/BalanceBeam/v_BalanceBeam_g23_c04.avi
train,BalanceBeam,v_BalanceBeam_g06_c01.avi,./UCF101_subset/train/BalanceBeam/v_BalanceBeam_g06_c01.avi
train,ApplyEyeMakeup,v_ApplyEyeMakeup_g11_c02.avi,./UCF101_subset/train/ApplyEyeMakeup/v_ApplyEyeMakeup_g11_c02.avi
train,ApplyEyeMakeup,v_ApplyEyeMakeup_g10_c05.avi,./UCF101_subset/train/ApplyEyeMakeup/v_ApplyEyeMakeup_g10_c05.avi
train,ApplyEyeMakeup,v_ApplyEyeMakeup_g07_c04.avi,./UCF101_subset/train/ApplyEyeMakeup/v_ApplyEyeMakeup_g07_c04.avi
train,ApplyEyeMakeup,v_ApplyEyeMakeup_g05_c02.avi,./UCF101_subset/train/ApplyEyeMakeup/v_ApplyEyeMakeup_g05_c02.avi
train,ApplyEyeMakeup,v_ApplyEyeMakeup_g12_c05.avi,./UCF101_subset/train/ApplyEyeMakeup/v_ApplyEyeMakeup_g12_c05.avi
train,ApplyEyeMakeup,v_ApplyEyeMakeup_g15_c06.avi,./UCF101_subset/train/ApplyEyeMakeup/v_ApplyEyeMakeup_g15_c06.avi
train,ApplyEyeMakeup,v_ApplyEyeMakeup_g09_c06.avi,./UCF101_subset/train/ApplyEyeMakeup/v_ApplyEyeMakeup_g09_c06.avi
train,ApplyEyeMakeup,v_ApplyEyeMakeup_g02_c03.avi,./UCF101_subset/train/ApplyEyeMakeup/v_ApplyEyeMakeup_g02_c03.avi
train,ApplyEyeMakeup,v_ApplyEyeMakeup_g25_c05.avi,./UCF101_subset/train/ApplyEyeMakeup/v_ApplyEyeMakeup_g25_c05.avi
train,ApplyEyeMakeup,v_ApplyEyeMakeup_g09_c02.avi,./UCF101_subset/train/ApplyEyeMakeup/v_ApplyEyeMakeup_g09_c02.avi
train,ApplyEyeMakeup,v_ApplyEyeMakeup_g19_c02.avi,./UCF101_subset/train/ApplyEyeMakeup/v_ApplyEyeMakeup_g19_c02.avi
train,ApplyEyeMakeup,v_ApplyEyeMakeup_g25_c03.avi,./UCF101_subset/train/ApplyEyeMakeup/v_ApplyEyeMakeup_g25_c03.avi
train,ApplyEyeMakeup,v_ApplyEyeMakeup_g25_c01.avi,./UCF101_subset/train/ApplyEyeMakeup/v_ApplyEyeMakeup_g25_c01.avi
train,ApplyEyeMakeup,v_ApplyEyeMakeup_g21_c04.avi,./UCF101_subset/train/ApplyEyeMakeup/v_ApplyEyeMakeup_g21_c04.avi
train,ApplyEyeMakeup,v_ApplyEyeMakeup_g04_c07.avi,./UCF101_subset/train/ApplyEyeMakeup/v_ApplyEyeMakeup_g04_c07.avi
train,ApplyEyeMakeup,v_ApplyEyeMakeup_g22_c05.avi,./UCF101_subset/train/ApplyEyeMakeup/v_ApplyEyeMakeup_g22_c05.avi
train,ApplyEyeMakeup,v_ApplyEyeMakeup_g07_c06.avi,./UCF101_subset/train/ApplyEyeMakeup/v_ApplyEyeMakeup_g07_c06.avi
train,ApplyEyeMakeup,v_ApplyEyeMakeup_g24_c02.avi,./UCF101_subset/train/ApplyEyeMakeup/v_ApplyEyeMakeup_g24_c02.avi
train,ApplyEyeMakeup,v_ApplyEyeMakeup_g11_c04.avi,./UCF101_subset/train/ApplyEyeMakeup/v_ApplyEyeMakeup_g11_c04.avi
train,ApplyEyeMakeup,v_ApplyEyeMakeup_g18_c03.avi,./UCF101_subset/train/ApplyEyeMakeup/v_ApplyEyeMakeup_g18_c03.avi
train,ApplyEyeMakeup,v_ApplyEyeMakeup_g22_c01.avi,./UCF101_subset/train/ApplyEyeMakeup/v_ApplyEyeMakeup_g22_c01.avi
train,ApplyEyeMakeup,v_ApplyEyeMakeup_g16_c03.avi,./UCF101_subset/train/ApplyEyeMakeup/v_ApplyEyeMakeup_g16_c03.avi
train,ApplyEyeMakeup,v_ApplyEyeMakeup_g10_c01.avi,./UCF101_subset/train/ApplyEyeMakeup/v_ApplyEyeMakeup_g10_c01.avi
train,ApplyEyeMakeup,v_ApplyEyeMakeup_g25_c07.avi,./UCF101_subset/train/ApplyEyeMakeup/v_ApplyEyeMakeup_g25_c07.avi
train,ApplyEyeMakeup,v_ApplyEyeMakeup_g18_c01.avi,./UCF101_subset/train/ApplyEyeMakeup/v_ApplyEyeMakeup_g18_c01.avi
train,ApplyEyeMakeup,v_ApplyEyeMakeup_g06_c03.avi,./UCF101_subset/train/ApplyEyeMakeup/v_ApplyEyeMakeup_g06_c03.avi
train,ApplyEyeMakeup,v_ApplyEyeMakeup_g08_c01.avi,./UCF101_subset/train/ApplyEyeMakeup/v_ApplyEyeMakeup_g08_c01.avi
train,ApplyEyeMakeup,v_ApplyEyeMakeup_g05_c06.avi,./UCF101_subset/train/ApplyEyeMakeup/v_ApplyEyeMakeup_g05_c06.avi
train,ApplyEyeMakeup,v_ApplyEyeMakeup_g17_c04.avi,./UCF101_subset/train/ApplyEyeMakeup/v_ApplyEyeMakeup_g17_c04.avi
train,ApplyEyeMakeup,v_ApplyEyeMakeup_g13_c05.avi,./UCF101_subset/train/ApplyEyeMakeup/v_ApplyEyeMakeup_g13_c05.avi
train,BabyCrawling,v_BabyCrawling_g06_c04.avi,./UCF101_subset/train/BabyCrawling/v_BabyCrawling_g06_c04.avi
train,BabyCrawling,v_BabyCrawling_g07_c02.avi,./UCF101_subset/train/BabyCrawling/v_BabyCrawling_g07_c02.avi
train,BabyCrawling,v_BabyCrawling_g10_c04.avi,./UCF101_subset/train/BabyCrawling/v_BabyCrawling_g10_c04.avi
train,BabyCrawling,v_BabyCrawling_g24_c01.avi,./UCF101_subset/train/BabyCrawling/v_BabyCrawling_g24_c01.avi
train,BabyCrawling,v_BabyCrawling_g15_c01.avi,./UCF101_subset/train/BabyCrawling/v_BabyCrawling_g15_c01.avi
train,BabyCrawling,v_BabyCrawling_g11_c03.avi,./UCF101_subset/train/BabyCrawling/v_BabyCrawling_g11_c03.avi
train,BabyCrawling,v_BabyCrawling_g15_c05.avi,./UCF101_subset/train/BabyCrawling/v_BabyCrawling_g15_c05.avi
train,BabyCrawling,v_BabyCrawling_g14_c03.avi,./UCF101_subset/train/BabyCrawling/v_BabyCrawling_g14_c03.avi
train,BabyCrawling,v_BabyCrawling_g12_c03.avi,./UCF101_subset/train/BabyCrawling/v_BabyCrawling_g12_c03.avi
train,BabyCrawling,v_BabyCrawling_g20_c05.avi,./UCF101_subset/train/BabyCrawling/v_BabyCrawling_g20_c05.avi
train,BabyCrawling,v_BabyCrawling_g14_c01.avi,./UCF101_subset/train/BabyCrawling/v_BabyCrawling_g14_c01.avi
train,BabyCrawling,v_BabyCrawling_g23_c01.avi,./UCF101_subset/train/BabyCrawling/v_BabyCrawling_g23_c01.avi
train,BabyCrawling,v_BabyCrawling_g07_c06.avi,./UCF101_subset/train/BabyCrawling/v_BabyCrawling_g07_c06.avi
train,BabyCrawling,v_BabyCrawling_g18_c02.avi,./UCF101_subset/train/BabyCrawling/v_BabyCrawling_g18_c02.avi
train,BabyCrawling,v_BabyCrawling_g17_c01.avi,./UCF101_subset/train/BabyCrawling/v_BabyCrawling_g17_c01.avi
train,BabyCrawling,v_BabyCrawling_g16_c05.avi,./UCF101_subset/train/BabyCrawling/v_BabyCrawling_g16_c05.avi
train,BabyCrawling,v_BabyCrawling_g20_c03.avi,./UCF101_subset/train/BabyCrawling/v_BabyCrawling_g20_c03.avi
train,BabyCrawling,v_BabyCrawling_g02_c03.avi,./UCF101_subset/train/BabyCrawling/v_BabyCrawling_g02_c03.avi
train,BabyCrawling,v_BabyCrawling_g20_c07.avi,./UCF101_subset/train/BabyCrawling/v_BabyCrawling_g20_c07.avi
train,BabyCrawling,v_BabyCrawling_g02_c01.avi,./UCF101_subset/train/BabyCrawling/v_BabyCrawling_g02_c01.avi
train,BabyCrawling,v_BabyCrawling_g01_c03.avi,./UCF101_subset/train/BabyCrawling/v_BabyCrawling_g01_c03.avi
train,BabyCrawling,v_BabyCrawling_g17_c05.avi,./UCF101_subset/train/BabyCrawling/v_BabyCrawling_g17_c05.avi
train,BabyCrawling,v_BabyCrawling_g25_c01.avi,./UCF101_subset/train/BabyCrawling/v_BabyCrawling_g25_c01.avi
train,BabyCrawling,v_BabyCrawling_g02_c05.avi,./UCF101_subset/train/BabyCrawling/v_BabyCrawling_g02_c05.avi
train,BabyCrawling,v_BabyCrawling_g24_c05.avi,./UCF101_subset/train/BabyCrawling/v_BabyCrawling_g24_c05.avi
train,BabyCrawling,v_BabyCrawling_g05_c01.avi,./UCF101_subset/train/BabyCrawling/v_BabyCrawling_g05_c01.avi
train,BabyCrawling,v_BabyCrawling_g08_c04.avi,./UCF101_subset/train/BabyCrawling/v_BabyCrawling_g08_c04.avi
train,BabyCrawling,v_BabyCrawling_g15_c03.avi,./UCF101_subset/train/BabyCrawling/v_BabyCrawling_g15_c03.avi
train,BabyCrawling,v_BabyCrawling_g11_c01.avi,./UCF101_subset/train/BabyCrawling/v_BabyCrawling_g11_c01.avi
train,BabyCrawling,v_BabyCrawling_g08_c02.avi,./UCF101_subset/train/BabyCrawling/v_BabyCrawling_g08_c02.avi
train,BaseballPitch,v_BaseballPitch_g03_c02.avi,./UCF101_subset/train/BaseballPitch/v_BaseballPitch_g03_c02.avi
train,BaseballPitch,v_BaseballPitch_g14_c02.avi,./UCF101_subset/train/BaseballPitch/v_BaseballPitch_g14_c02.avi
train,BaseballPitch,v_BaseballPitch_g14_c04.avi,./UCF101_subset/train/BaseballPitch/v_BaseballPitch_g14_c04.avi
train,BaseballPitch,v_BaseballPitch_g15_c06.avi,./UCF101_subset/train/BaseballPitch/v_BaseballPitch_g15_c06.avi
train,BaseballPitch,v_BaseballPitch_g01_c02.avi,./UCF101_subset/train/BaseballPitch/v_BaseballPitch_g01_c02.avi
train,BaseballPitch,v_BaseballPitch_g05_c06.avi,./UCF101_subset/train/BaseballPitch/v_BaseballPitch_g05_c06.avi
train,BaseballPitch,v_BaseballPitch_g13_c05.avi,./UCF101_subset/train/BaseballPitch/v_BaseballPitch_g13_c05.avi
train,BaseballPitch,v_BaseballPitch_g10_c03.avi,./UCF101_subset/train/BaseballPitch/v_BaseballPitch_g10_c03.avi
train,BaseballPitch,v_BaseballPitch_g02_c04.avi,./UCF101_subset/train/BaseballPitch/v_BaseballPitch_g02_c04.avi
train,BaseballPitch,v_BaseballPitch_g18_c04.avi,./UCF101_subset/train/BaseballPitch/v_BaseballPitch_g18_c04.avi
train,BaseballPitch,v_BaseballPitch_g13_c07.avi,./UCF101_subset/train/BaseballPitch/v_BaseballPitch_g13_c07.avi
train,BaseballPitch,v_BaseballPitch_g25_c01.avi,./UCF101_subset/train/BaseballPitch/v_BaseballPitch_g25_c01.avi
train,BaseballPitch,v_BaseballPitch_g17_c05.avi,./UCF101_subset/train/BaseballPitch/v_BaseballPitch_g17_c05.avi
train,BaseballPitch,v_BaseballPitch_g19_c03.avi,./UCF101_subset/train/BaseballPitch/v_BaseballPitch_g19_c03.avi
train,BaseballPitch,v_BaseballPitch_g06_c07.avi,./UCF101_subset/train/BaseballPitch/v_BaseballPitch_g06_c07.avi
train,BaseballPitch,v_BaseballPitch_g03_c04.avi,./UCF101_subset/train/BaseballPitch/v_BaseballPitch_g03_c04.avi
train,BaseballPitch,v_BaseballPitch_g01_c04.avi,./UCF101_subset/train/BaseballPitch/v_BaseballPitch_g01_c04.avi
train,BaseballPitch,v_BaseballPitch_g23_c01.avi,./UCF101_subset/train/BaseballPitch/v_BaseballPitch_g23_c01.avi
train,BaseballPitch,v_BaseballPitch_g08_c05.avi,./UCF101_subset/train/BaseballPitch/v_BaseballPitch_g08_c05.avi
train,BaseballPitch,v_BaseballPitch_g21_c02.avi,./UCF101_subset/train/BaseballPitch/v_BaseballPitch_g21_c02.avi
train,BaseballPitch,v_BaseballPitch_g08_c01.avi,./UCF101_subset/train/BaseballPitch/v_BaseballPitch_g08_c01.avi
train,BaseballPitch,v_BaseballPitch_g13_c03.avi,./UCF101_subset/train/BaseballPitch/v_BaseballPitch_g13_c03.avi
train,BaseballPitch,v_BaseballPitch_g18_c06.avi,./UCF101_subset/train/BaseballPitch/v_BaseballPitch_g18_c06.avi
train,BaseballPitch,v_BaseballPitch_g06_c05.avi,./UCF101_subset/train/BaseballPitch/v_BaseballPitch_g06_c05.avi
train,BaseballPitch,v_BaseballPitch_g16_c03.avi,./UCF101_subset/train/BaseballPitch/v_BaseballPitch_g16_c03.avi
train,BaseballPitch,v_BaseballPitch_g23_c03.avi,./UCF101_subset/train/BaseballPitch/v_BaseballPitch_g23_c03.avi
train,BaseballPitch,v_BaseballPitch_g04_c01.avi,./UCF101_subset/train/BaseballPitch/v_BaseballPitch_g04_c01.avi
train,BaseballPitch,v_BaseballPitch_g02_c02.avi,./UCF101_subset/train/BaseballPitch/v_BaseballPitch_g02_c02.avi
train,BaseballPitch,v_BaseballPitch_g08_c07.avi,./UCF101_subset/train/BaseballPitch/v_BaseballPitch_g08_c07.avi
train,BaseballPitch,v_BaseballPitch_g19_c05.avi,./UCF101_subset/train/BaseballPitch/v_BaseballPitch_g19_c05.avi
train,Archery,v_Archery_g05_c04.avi,./UCF101_subset/train/Archery/v_Archery_g05_c04.avi
train,Archery,v_Archery_g03_c02.avi,./UCF101_subset/train/Archery/v_Archery_g03_c02.avi
train,Archery,v_Archery_g14_c04.avi,./UCF101_subset/train/Archery/v_Archery_g14_c04.avi
train,Archery,v_Archery_g10_c03.avi,./UCF101_subset/train/Archery/v_Archery_g10_c03.avi
train,Archery,v_Archery_g24_c04.avi,./UCF101_subset/train/Archery/v_Archery_g24_c04.avi
train,Archery,v_Archery_g23_c05.avi,./UCF101_subset/train/Archery/v_Archery_g23_c05.avi
train,Archery,v_Archery_g11_c04.avi,./UCF101_subset/train/Archery/v_Archery_g11_c04.avi
train,Archery,v_Archery_g04_c03.avi,./UCF101_subset/train/Archery/v_Archery_g04_c03.avi
train,Archery,v_Archery_g22_c04.avi,./UCF101_subset/train/Archery/v_Archery_g22_c04.avi
train,Archery,v_Archery_g06_c05.avi,./UCF101_subset/train/Archery/v_Archery_g06_c05.avi
train,Archery,v_Archery_g07_c05.avi,./UCF101_subset/train/Archery/v_Archery_g07_c05.avi
train,Archery,v_Archery_g07_c01.avi,./UCF101_subset/train/Archery/v_Archery_g07_c01.avi
train,Archery,v_Archery_g02_c05.avi,./UCF101_subset/train/Archery/v_Archery_g02_c05.avi
train,Archery,v_Archery_g06_c03.avi,./UCF101_subset/train/Archery/v_Archery_g06_c03.avi
train,Archery,v_Archery_g13_c07.avi,./UCF101_subset/train/Archery/v_Archery_g13_c07.avi
train,Archery,v_Archery_g02_c01.avi,./UCF101_subset/train/Archery/v_Archery_g02_c01.avi
train,Archery,v_Archery_g24_c06.avi,./UCF101_subset/train/Archery/v_Archery_g24_c06.avi
train,Archery,v_Archery_g04_c01.avi,./UCF101_subset/train/Archery/v_Archery_g04_c01.avi
train,Archery,v_Archery_g09_c02.avi,./UCF101_subset/train/Archery/v_Archery_g09_c02.avi
train,Archery,v_Archery_g01_c04.avi,./UCF101_subset/train/Archery/v_Archery_g01_c04.avi
train,Archery,v_Archery_g10_c05.avi,./UCF101_subset/train/Archery/v_Archery_g10_c05.avi
train,Archery,v_Archery_g13_c03.avi,./UCF101_subset/train/Archery/v_Archery_g13_c03.avi
train,Archery,v_Archery_g19_c03.avi,./UCF101_subset/train/Archery/v_Archery_g19_c03.avi
train,Archery,v_Archery_g15_c02.avi,./UCF101_subset/train/Archery/v_Archery_g15_c02.avi
train,Archery,v_Archery_g06_c01.avi,./UCF101_subset/train/Archery/v_Archery_g06_c01.avi
train,Archery,v_Archery_g25_c04.avi,./UCF101_subset/train/Archery/v_Archery_g25_c04.avi
train,Archery,v_Archery_g20_c05.avi,./UCF101_subset/train/Archery/v_Archery_g20_c05.avi
train,Archery,v_Archery_g22_c02.avi,./UCF101_subset/train/Archery/v_Archery_g22_c02.avi
train,Archery,v_Archery_g11_c06.avi,./UCF101_subset/train/Archery/v_Archery_g11_c06.avi
train,Archery,v_Archery_g08_c01.avi,./UCF101_subset/train/Archery/v_Archery_g08_c01.avi
test,BasketballDunk,v_BasketballDunk_g14_c02.avi,./UCF101_subset/test/BasketballDunk/v_BasketballDunk_g14_c02.avi
test,BasketballDunk,v_BasketballDunk_g12_c01.avi,./UCF101_subset/test/BasketballDunk/v_BasketballDunk_g12_c01.avi
test,BasketballDunk,v_BasketballDunk_g14_c04.avi,./UCF101_subset/test/BasketballDunk/v_BasketballDunk_g14_c04.avi
test,BasketballDunk,v_BasketballDunk_g12_c03.avi,./UCF101_subset/test/BasketballDunk/v_BasketballDunk_g12_c03.avi
test,BasketballDunk,v_BasketballDunk_g12_c05.avi,./UCF101_subset/test/BasketballDunk/v_BasketballDunk_g12_c05.avi
test,BasketballDunk,v_BasketballDunk_g14_c06.avi,./UCF101_subset/test/BasketballDunk/v_BasketballDunk_g14_c06.avi
test,BandMarching,v_BandMarching_g11_c07.avi,./UCF101_subset/test/BandMarching/v_BandMarching_g11_c07.avi
test,BandMarching,v_BandMarching_g11_c01.avi,./UCF101_subset/test/BandMarching/v_BandMarching_g11_c01.avi
test,BandMarching,v_BandMarching_g22_c04.avi,./UCF101_subset/test/BandMarching/v_BandMarching_g22_c04.avi
test,BandMarching,v_BandMarching_g11_c03.avi,./UCF101_subset/test/BandMarching/v_BandMarching_g11_c03.avi
test,BandMarching,v_BandMarching_g11_c05.avi,./UCF101_subset/test/BandMarching/v_BandMarching_g11_c05.avi
test,BandMarching,v_BandMarching_g05_c04.avi,./UCF101_subset/test/BandMarching/v_BandMarching_g05_c04.avi
test,BandMarching,v_BandMarching_g05_c06.avi,./UCF101_subset/test/BandMarching/v_BandMarching_g05_c06.avi
test,BandMarching,v_BandMarching_g22_c02.avi,./UCF101_subset/test/BandMarching/v_BandMarching_g22_c02.avi
test,BandMarching,v_BandMarching_g05_c02.avi,./UCF101_subset/test/BandMarching/v_BandMarching_g05_c02.avi
test,BenchPress,v_BenchPress_g25_c06.avi,./UCF101_subset/test/BenchPress/v_BenchPress_g25_c06.avi
test,BenchPress,v_BenchPress_g09_c04.avi,./UCF101_subset/test/BenchPress/v_BenchPress_g09_c04.avi
test,BenchPress,v_BenchPress_g05_c04.avi,./UCF101_subset/test/BenchPress/v_BenchPress_g05_c04.avi
test,BenchPress,v_BenchPress_g05_c02.avi,./UCF101_subset/test/BenchPress/v_BenchPress_g05_c02.avi
test,BenchPress,v_BenchPress_g05_c06.avi,./UCF101_subset/test/BenchPress/v_BenchPress_g05_c06.avi
test,BenchPress,v_BenchPress_g09_c06.avi,./UCF101_subset/test/BenchPress/v_BenchPress_g09_c06.avi
test,BenchPress,v_BenchPress_g25_c04.avi,./UCF101_subset/test/BenchPress/v_BenchPress_g25_c04.avi
test,BenchPress,v_BenchPress_g25_c02.avi,./UCF101_subset/test/BenchPress/v_BenchPress_g25_c02.avi
test,BenchPress,v_BenchPress_g09_c02.avi,./UCF101_subset/test/BenchPress/v_BenchPress_g09_c02.avi
test,ApplyLipstick,v_ApplyLipstick_g14_c01.avi,./UCF101_subset/test/ApplyLipstick/v_ApplyLipstick_g14_c01.avi
test,ApplyLipstick,v_ApplyLipstick_g14_c03.avi,./UCF101_subset/test/ApplyLipstick/v_ApplyLipstick_g14_c03.avi
test,ApplyLipstick,v_ApplyLipstick_g16_c04.avi,./UCF101_subset/test/ApplyLipstick/v_ApplyLipstick_g16_c04.avi
test,ApplyLipstick,v_ApplyLipstick_g16_c02.avi,./UCF101_subset/test/ApplyLipstick/v_ApplyLipstick_g16_c02.avi
test,Basketball,v_Basketball_g18_c04.avi,./UCF101_subset/test/Basketball/v_Basketball_g18_c04.avi
test,Basketball,v_Basketball_g24_c02.avi,./UCF101_subset/test/Basketball/v_Basketball_g24_c02.avi
test,Basketball,v_Basketball_g02_c04.avi,./UCF101_subset/test/Basketball/v_Basketball_g02_c04.avi
test,Basketball,v_Basketball_g06_c04.avi,./UCF101_subset/test/Basketball/v_Basketball_g06_c04.avi
test,Basketball,v_Basketball_g24_c04.avi,./UCF101_subset/test/Basketball/v_Basketball_g24_c04.avi
test,Basketball,v_Basketball_g18_c02.avi,./UCF101_subset/test/Basketball/v_Basketball_g18_c02.avi
test,Basketball,v_Basketball_g02_c06.avi,./UCF101_subset/test/Basketball/v_Basketball_g02_c06.avi
test,Basketball,v_Basketball_g06_c02.avi,./UCF101_subset/test/Basketball/v_Basketball_g06_c02.avi
test,Basketball,v_Basketball_g05_c04.avi,./UCF101_subset/test/Basketball/v_Basketball_g05_c04.avi
test,Basketball,v_Basketball_g05_c02.avi,./UCF101_subset/test/Basketball/v_Basketball_g05_c02.avi
test,Basketball,v_Basketball_g02_c02.avi,./UCF101_subset/test/Basketball/v_Basketball_g02_c02.avi
test,BalanceBeam,v_BalanceBeam_g20_c01.avi,./UCF101_subset/test/BalanceBeam/v_BalanceBeam_g20_c01.avi
test,BalanceBeam,v_BalanceBeam_g11_c02.avi,./UCF101_subset/test/BalanceBeam/v_BalanceBeam_g11_c02.avi
test,BalanceBeam,v_BalanceBeam_g11_c04.avi,./UCF101_subset/test/BalanceBeam/v_BalanceBeam_g11_c04.avi
test,BalanceBeam,v_BalanceBeam_g20_c03.avi,./UCF101_subset/test/BalanceBeam/v_BalanceBeam_g20_c03.avi
test,ApplyEyeMakeup,v_ApplyEyeMakeup_g23_c02.avi,./UCF101_subset/test/ApplyEyeMakeup/v_ApplyEyeMakeup_g23_c02.avi
test,ApplyEyeMakeup,v_ApplyEyeMakeup_g03_c03.avi,./UCF101_subset/test/ApplyEyeMakeup/v_ApplyEyeMakeup_g03_c03.avi
test,ApplyEyeMakeup,v_ApplyEyeMakeup_g03_c01.avi,./UCF101_subset/test/ApplyEyeMakeup/v_ApplyEyeMakeup_g03_c01.avi
test,ApplyEyeMakeup,v_ApplyEyeMakeup_g23_c06.avi,./UCF101_subset/test/ApplyEyeMakeup/v_ApplyEyeMakeup_g23_c06.avi
test,ApplyEyeMakeup,v_ApplyEyeMakeup_g23_c04.avi,./UCF101_subset/test/ApplyEyeMakeup/v_ApplyEyeMakeup_g23_c04.avi
test,ApplyEyeMakeup,v_ApplyEyeMakeup_g03_c05.avi,./UCF101_subset/test/ApplyEyeMakeup/v_ApplyEyeMakeup_g03_c05.avi
test,BabyCrawling,v_BabyCrawling_g22_c04.avi,./UCF101_subset/test/BabyCrawling/v_BabyCrawling_g22_c04.avi
test,BabyCrawling,v_BabyCrawling_g22_c02.avi,./UCF101_subset/test/BabyCrawling/v_BabyCrawling_g22_c02.avi
test,BabyCrawling,v_BabyCrawling_g03_c01.avi,./UCF101_subset/test/BabyCrawling/v_BabyCrawling_g03_c01.avi
test,BabyCrawling,v_BabyCrawling_g19_c04.avi,./UCF101_subset/test/BabyCrawling/v_BabyCrawling_g19_c04.avi
test,BabyCrawling,v_BabyCrawling_g04_c03.avi,./UCF101_subset/test/BabyCrawling/v_BabyCrawling_g04_c03.avi
test,BabyCrawling,v_BabyCrawling_g03_c03.avi,./UCF101_subset/test/BabyCrawling/v_BabyCrawling_g03_c03.avi
test,BabyCrawling,v_BabyCrawling_g22_c06.avi,./UCF101_subset/test/BabyCrawling/v_BabyCrawling_g22_c06.avi
test,BabyCrawling,v_BabyCrawling_g04_c01.avi,./UCF101_subset/test/BabyCrawling/v_BabyCrawling_g04_c01.avi
test,BabyCrawling,v_BabyCrawling_g19_c02.avi,./UCF101_subset/test/BabyCrawling/v_BabyCrawling_g19_c02.avi
test,BaseballPitch,v_BaseballPitch_g22_c04.avi,./UCF101_subset/test/BaseballPitch/v_BaseballPitch_g22_c04.avi
test,BaseballPitch,v_BaseballPitch_g11_c04.avi,./UCF101_subset/test/BaseballPitch/v_BaseballPitch_g11_c04.avi
test,BaseballPitch,v_BaseballPitch_g24_c06.avi,./UCF101_subset/test/BaseballPitch/v_BaseballPitch_g24_c06.avi
test,BaseballPitch,v_BaseballPitch_g24_c04.avi,./UCF101_subset/test/BaseballPitch/v_BaseballPitch_g24_c04.avi
test,BaseballPitch,v_BaseballPitch_g20_c04.avi,./UCF101_subset/test/BaseballPitch/v_BaseballPitch_g20_c04.avi
test,BaseballPitch,v_BaseballPitch_g24_c02.avi,./UCF101_subset/test/BaseballPitch/v_BaseballPitch_g24_c02.avi
test,BaseballPitch,v_BaseballPitch_g20_c02.avi,./UCF101_subset/test/BaseballPitch/v_BaseballPitch_g20_c02.avi
test,BaseballPitch,v_BaseballPitch_g22_c02.avi,./UCF101_subset/test/BaseballPitch/v_BaseballPitch_g22_c02.avi
test,BaseballPitch,v_BaseballPitch_g11_c02.avi,./UCF101_subset/test/BaseballPitch/v_BaseballPitch_g11_c02.avi
test,BaseballPitch,v_BaseballPitch_g22_c06.avi,./UCF101_subset/test/BaseballPitch/v_BaseballPitch_g22_c06.avi
test,Archery,v_Archery_g21_c04.avi,./UCF101_subset/test/Archery/v_Archery_g21_c04.avi
test,Archery,v_Archery_g21_c02.avi,./UCF101_subset/test/Archery/v_Archery_g21_c02.avi
test,Archery,v_Archery_g16_c01.avi,./UCF101_subset/test/Archery/v_Archery_g16_c01.avi
test,Archery,v_Archery_g16_c05.avi,./UCF101_subset/test/Archery/v_Archery_g16_c05.avi
test,Archery,v_Archery_g16_c03.avi,./UCF101_subset/test/Archery/v_Archery_g16_c03.avi
test,Archery,v_Archery_g17_c04.avi,./UCF101_subset/test/Archery/v_Archery_g17_c04.avi
test,Archery,v_Archery_g17_c02.avi,./UCF101_subset/test/Archery/v_Archery_g17_c02.avi
val,BasketballDunk,v_BasketballDunk_g05_c01.avi,./UCF101_subset/val/BasketballDunk/v_BasketballDunk_g05_c01.avi
val,BasketballDunk,v_BasketballDunk_g05_c03.avi,./UCF101_subset/val/BasketballDunk/v_BasketballDunk_g05_c03.avi
val,BasketballDunk,v_BasketballDunk_g05_c05.avi,./UCF101_subset/val/BasketballDunk/v_BasketballDunk_g05_c05.avi
val,BandMarching,v_BandMarching_g20_c04.avi,./UCF101_subset/val/BandMarching/v_BandMarching_g20_c04.avi
val,BandMarching,v_BandMarching_g17_c01.avi,./UCF101_subset/val/BandMarching/v_BandMarching_g17_c01.avi
val,BandMarching,v_BandMarching_g23_c03.avi,./UCF101_subset/val/BandMarching/v_BandMarching_g23_c03.avi
val,BenchPress,v_BenchPress_g17_c02.avi,./UCF101_subset/val/BenchPress/v_BenchPress_g17_c02.avi
val,BenchPress,v_BenchPress_g17_c06.avi,./UCF101_subset/val/BenchPress/v_BenchPress_g17_c06.avi
val,BenchPress,v_BenchPress_g11_c05.avi,./UCF101_subset/val/BenchPress/v_BenchPress_g11_c05.avi
val,ApplyLipstick,v_ApplyLipstick_g20_c04.avi,./UCF101_subset/val/ApplyLipstick/v_ApplyLipstick_g20_c04.avi
val,ApplyLipstick,v_ApplyLipstick_g25_c02.avi,./UCF101_subset/val/ApplyLipstick/v_ApplyLipstick_g25_c02.avi
val,ApplyLipstick,v_ApplyLipstick_g10_c04.avi,./UCF101_subset/val/ApplyLipstick/v_ApplyLipstick_g10_c04.avi
val,Basketball,v_Basketball_g10_c03.avi,./UCF101_subset/val/Basketball/v_Basketball_g10_c03.avi
val,Basketball,v_Basketball_g20_c04.avi,./UCF101_subset/val/Basketball/v_Basketball_g20_c04.avi
val,Basketball,v_Basketball_g20_c02.avi,./UCF101_subset/val/Basketball/v_Basketball_g20_c02.avi
val,BalanceBeam,v_BalanceBeam_g22_c02.avi,./UCF101_subset/val/BalanceBeam/v_BalanceBeam_g22_c02.avi
val,BalanceBeam,v_BalanceBeam_g13_c02.avi,./UCF101_subset/val/BalanceBeam/v_BalanceBeam_g13_c02.avi
val,BalanceBeam,v_BalanceBeam_g16_c01.avi,./UCF101_subset/val/BalanceBeam/v_BalanceBeam_g16_c01.avi
val,ApplyEyeMakeup,v_ApplyEyeMakeup_g20_c04.avi,./UCF101_subset/val/ApplyEyeMakeup/v_ApplyEyeMakeup_g20_c04.avi
val,ApplyEyeMakeup,v_ApplyEyeMakeup_g01_c01.avi,./UCF101_subset/val/ApplyEyeMakeup/v_ApplyEyeMakeup_g01_c01.avi
val,ApplyEyeMakeup,v_ApplyEyeMakeup_g14_c05.avi,./UCF101_subset/val/ApplyEyeMakeup/v_ApplyEyeMakeup_g14_c05.avi
val,BabyCrawling,v_BabyCrawling_g09_c06.avi,./UCF101_subset/val/BabyCrawling/v_BabyCrawling_g09_c06.avi
val,BabyCrawling,v_BabyCrawling_g21_c04.avi,./UCF101_subset/val/BabyCrawling/v_BabyCrawling_g21_c04.avi
val,BabyCrawling,v_BabyCrawling_g13_c05.avi,./UCF101_subset/val/BabyCrawling/v_BabyCrawling_g13_c05.avi
val,BaseballPitch,v_BaseballPitch_g09_c02.avi,./UCF101_subset/val/BaseballPitch/v_BaseballPitch_g09_c02.avi
val,BaseballPitch,v_BaseballPitch_g07_c02.avi,./UCF101_subset/val/BaseballPitch/v_BaseballPitch_g07_c02.avi
val,BaseballPitch,v_BaseballPitch_g12_c01.avi,./UCF101_subset/val/BaseballPitch/v_BaseballPitch_g12_c01.avi
val,Archery,v_Archery_g12_c03.avi,./UCF101_subset/val/Archery/v_Archery_g12_c03.avi
val,Archery,v_Archery_g18_c02.avi,./UCF101_subset/val/Archery/v_Archery_g18_c02.avi
val,Archery,v_Archery_g18_c06.avi,./UCF101_subset/val/Archery/v_Archery_g18_c06.avi
